<?xml version="1.0"?>
<Sector>
<Name></Name>
<Subsectors>
<Subsector Index="A"></Subsector>
<Subsector Index="B"></Subsector> 
<Subsector Index="C"></Subsector>
<Subsector Index="D"></Subsector>
<Subsector Index="E"></Subsector>
<Subsector Index="F"></Subsector>
<Subsector Index="G"></Subsector>
<Subsector Index="H"></Subsector>
<Subsector Index="I"></Subsector>
<Subsector Index="J"></Subsector>
<Subsector Index="K"></Subsector>
<Subsector Index="L"></Subsector>
<Subsector Index="M"></Subsector>
<Subsector Index="N"></Subsector>
<Subsector Index="O"></Subsector>
<Subsector Index="P"></Subsector>
</Subsectors>
</Sector>
